source,destination,fare,seats,rating,collection_date,journey_date,operator
Bengaluru,Coorg,771,37,4.0,2026-06-02,2026-06-04,KSRTC Karnataka
Bengaluru,Coorg,817,34,4.0,2026-06-02,2026-06-04,KSRTC Karnataka
Bengaluru,Coorg,771,32,4.0,2026-06-02,2026-06-04,KSRTC Karnataka
Bengaluru,Coorg,866,28,4.0,2026-06-02,2026-06-04,KSRTC Karnataka
Bengaluru,Coorg,866,43,4.0,2026-06-02,2026-06-04,KSRTC Karnataka
Bengaluru,Coorg,866,39,4.0,2026-06-02,2026-06-04,KSRTC Karnataka
Bengaluru,Coorg,374,45,4.0,2026-06-02,2026-06-04,KSRTC Karnataka
Bengaluru,Coorg,866,38,4.0,2026-06-02,2026-06-04,KSRTC Karnataka
Bengaluru,Coorg,771,37,4.0,2026-06-02,2026-06-04,KSRTC Karnataka
Bengaluru,Coorg,866,39,4.0,2026-06-02,2026-06-04,KSRTC Karnataka
Bengaluru,Coorg,369,43,4.0,2026-06-02,2026-06-04,KSRTC Karnataka
Bengaluru,Coorg,866,40,4.0,2026-06-02,2026-06-04,KSRTC Karnataka
Bengaluru,Coorg,771,38,4.0,2026-06-02,2026-06-04,KSRTC Karnataka
Bengaluru,Coorg,866,37,4.0,2026-06-02,2026-06-04,KSRTC Karnataka
Bengaluru,Coorg,771,37,4.0,2026-06-02,2026-06-04,KSRTC Karnataka
Bengaluru,Coorg,866,43,4.0,2026-06-02,2026-06-04,KSRTC Karnataka
Bengaluru,Coorg,1190,26,4.0,2026-06-02,2026-06-04,KSRTC Karnataka
Bengaluru,Coorg,840,19,4.0,2026-06-02,2026-06-04,KSRTC Karnataka
Bengaluru,Coorg,426,43,4.0,2026-06-02,2026-06-04,KSRTC Karnataka
Bengaluru,Coorg,365,41,4.0,2026-06-02,2026-06-04,KSRTC Karnataka
Bengaluru,Coorg,771,39,4.0,2026-06-02,2026-06-04,KSRTC Karnataka
Bengaluru,Coorg,570,27,4.0,2026-06-02,2026-06-04,KSRTC Karnataka
Bengaluru,Coorg,563,32,4.0,2026-06-02,2026-06-04,KSRTC Karnataka
Bengaluru,Coorg,750,22,4.0,2026-06-02,2026-06-04,KSRTC Karnataka
Bengaluru,Coorg,603,32,4.0,2026-06-02,2026-06-04,KSRTC Karnataka
Bengaluru,Coorg,603,32,4.0,2026-06-02,2026-06-04,KSRTC Karnataka
Bengaluru,Coorg,369,49,4.0,2026-06-02,2026-06-04,KSRTC Karnataka
Bengaluru,Coorg,899,26,3.8,2026-06-02,2026-06-04,Manjushree Travels
Bengaluru,Coorg,1200,21,4.7,2026-06-02,2026-06-04,Team Galaxy Tour Planner
Bengaluru,Coorg,1100,15,4.8,2026-06-02,2026-06-04,Kohinoor Travels
Bengaluru,Coorg,1250,24,4.7,2026-06-02,2026-06-04,Mooncruze Xpressline
Bengaluru,Coorg,899,33,4.6,2026-06-02,2026-06-04,SKS Tours N Travels
Bengaluru,Coorg,1249,25,4.2,2026-06-02,2026-06-04,Sri Vinayaka Bus
Bengaluru,Coorg,1249,23,3.9,2026-06-02,2026-06-04,Sri Vinayaka Bus
Bengaluru,Coorg,650,17,4.2,2026-06-02,2026-06-04,Nagashree Travels
Bengaluru,Coorg,889,27,4.2,2026-06-02,2026-06-04,Ashwini Tours
Bengaluru,Coorg,995,15,3.9,2026-06-02,2026-06-04,Asian Xpress
Bengaluru,Coorg,995,15,3.9,2026-06-02,2026-06-04,Asian Xpress
Bengaluru,Coorg,799,34,3.6,2026-06-02,2026-06-04,SRI SUGAM TRAVELS
Bengaluru,Coorg,660,23,4.0,2026-06-02,2026-06-04,Green Line Travels and Holidays
Bengaluru,Coorg,599,24,4.1,2026-06-02,2026-06-04,Ashwini Tours
Bengaluru,Coorg,580,24,3.6,2026-06-02,2026-06-04,Poornima Tours
Bengaluru,Coorg,590,27,3.3,2026-06-02,2026-06-04,Poornima Tours
Bengaluru,Coorg,500,30,2.9,2026-06-02,2026-06-04,Poornima Tours
Bengaluru,Coorg,600,30,2.6,2026-06-02,2026-06-04,Poornima Tours
Bengaluru,Coorg,550,28,2.8,2026-06-02,2026-06-04,Poornima Tours
Bengaluru,Coorg,550,30,2.9,2026-06-02,2026-06-04,Poornima Tours
Bengaluru,Coorg,529,20,3.4,2026-06-02,2026-06-04,Ashwini Tours
Bengaluru,Coorg,699,20,2.6,2026-06-02,2026-06-04,Bharathi Travels
Bengaluru,Coorg,663,34,3.4,2026-06-02,2026-06-04,Sugama  Tourists
Bengaluru,Coorg,600,23,2.9,2026-06-02,2026-06-04,Poornima Tours
Bengaluru,Coorg,1049,22,2.1,2026-06-02,2026-06-04,Manu Tourist
Bengaluru,Coorg,1549,30,3.7,2026-06-02,2026-06-04,Dhriti Travels
Bengaluru,Coorg,900,16,4.5,2026-06-02,2026-06-04,Kohinoor Travels
Bengaluru,Coorg,4000,23,3.7,2026-06-02,2026-06-04,Deepika Tours And Travels
Bengaluru,Coorg,2000,40,4.6,2026-06-02,2026-06-04,Go Mysore Travels
Bengaluru,Coorg,1245,2,3.9,2026-06-02,2026-06-04,Asian Xpress
Bengaluru,Coorg,1245,2,3.9,2026-06-02,2026-06-04,Asian Xpress
indore,jaipur,999,29,3.1,2026-06-02,2026-07-03,Get Book Cab
indore,jaipur,1299,44,3.6,2026-06-02,2026-07-03,Get Book Cab
indore,jaipur,1300,42,2.5,2026-06-02,2026-07-03,Ashok Travels Mandsaur
pune,mumbai,2380,35,4.8,2026-06-02,2026-07-04,Maharaja Travels(mrja)
pune,mumbai,1000,30,4.6,2026-06-02,2026-07-04,Navlai Tours and Travels
pune,mumbai,700,27,4.6,2026-06-02,2026-07-04,Aarambh Tours and Travels
pune,mumbai,2010,36,4.4,2026-06-02,2026-07-04,M B Link Tourist
pune,mumbai,6999,42,4.3,2026-06-02,2026-07-04,EXPRESS LINE
pune,mumbai,550,17,4.7,2026-06-02,2026-07-04,Neeta Tours and Travels
pune,mumbai,900,50,4.2,2026-06-02,2026-07-04,PRAKASH TRAVELS PVT LTD
pune,mumbai,2000,19,4.5,2026-06-02,2026-07-04,Shree Devnarayan Travels
pune,mumbai,1499,43,4.1,2026-06-02,2026-07-04,Haridham Travels(hrdm)
pune,mumbai,1680,42,4.3,2026-06-02,2026-07-04,Ravikrishna Travels
pune,mumbai,499,19,4.4,2026-06-02,2026-07-04,Neeta Tours and Travels
pune,mumbai,2050,11,4.2,2026-06-02,2026-07-04,Humsafar Travels
pune,mumbai,550,15,4.4,2026-06-02,2026-07-04,Neeta Tours and Travels
pune,mumbai,700,30,3.9,2026-06-02,2026-07-04,Garud Travels
pune,mumbai,1999,36,4.3,2026-06-02,2026-07-04,Shree Travels Tasgaon (sttg)
pune,mumbai,2500,17,3.9,2026-06-02,2026-07-04,Meera Tour & Travels
pune,mumbai,1099,36,4.0,2026-06-02,2026-07-04,Ravikrishna Travels
pune,mumbai,2000,36,4.1,2026-06-02,2026-07-04,Sanjay Travels-Ichalkarnji
pune,mumbai,1699,30,3.9,2026-06-02,2026-07-04,Tejas travels
pune,mumbai,5000,34,4.2,2026-06-02,2026-07-04,Matoshree Tourist
pune,mumbai,2000,31,3.8,2026-06-02,2026-07-04,M B Link Tourist
pune,mumbai,4000,33,3.8,2026-06-02,2026-07-04,ANAND TRAVELS(amds)
pune,mumbai,1499,36,4.2,2026-06-02,2026-07-04,Ravikrishna Travels
pune,mumbai,1900,19,4.2,2026-06-02,2026-07-04,Jay Khodiyar Bus Service Pvt Ltd
pune,mumbai,1714,30,4.2,2026-06-02,2026-07-04,Nakoda Travels (Kolhapur)
pune,mumbai,550,31,4.1,2026-06-02,2026-07-04,Neeta Tours and Travels
pune,mumbai,550,18,3.9,2026-06-02,2026-07-04,Neeta Tours and Travels
pune,mumbai,1000,10,3.9,2026-06-02,2026-07-04,Shrinath Solitaire Premium Class
pune,mumbai,499,19,4.0,2026-06-02,2026-07-04,Neeta Tours and Travels
pune,mumbai,499,11,4.0,2026-06-02,2026-07-04,Neeta Tours and Travels
pune,mumbai,499,13,4.0,2026-06-02,2026-07-04,Neeta Tours and Travels
pune,mumbai,499,19,4.0,2026-06-02,2026-07-04,Neeta Tours and Travels
pune,mumbai,550,17,4.2,2026-06-02,2026-07-04,Neeta Tours and Travels
pune,mumbai,1800,17,4.2,2026-06-02,2026-07-04,Jay Khodiyar Bus Service Pvt Ltd
pune,mumbai,550,15,3.8,2026-06-02,2026-07-04,Neeta Tours and Travels
pune,mumbai,550,20,3.9,2026-06-02,2026-07-04,Neeta Tours and Travels
pune,mumbai,550,16,3.9,2026-06-02,2026-07-04,Neeta Tours and Travels
pune,mumbai,1900,10,3.9,2026-06-02,2026-07-04,Jay Khodiyar Bus Service Pvt Ltd
pune,mumbai,550,12,4.0,2026-06-02,2026-07-04,Neeta Tours and Travels
pune,mumbai,800,36,4.1,2026-06-02,2026-07-04,Matoshree Tourist
pune,mumbai,2000,50,4.1,2026-06-02,2026-07-04,Matoshree Tourist
pune,mumbai,800,24,3.8,2026-06-02,2026-07-04,Vigneshwar Travels
pune,mumbai,1000,30,3.7,2026-06-02,2026-07-04,Garud Travels
pune,mumbai,550,11,3.9,2026-06-02,2026-07-04,Neeta Tours and Travels
pune,mumbai,550,12,3.9,2026-06-02,2026-07-04,Neeta Tours and Travels
pune,mumbai,550,11,3.9,2026-06-02,2026-07-04,Neeta Tours and Travels
pune,mumbai,550,10,3.9,2026-06-02,2026-07-04,Neeta Tours and Travels
pune,mumbai,550,10,3.9,2026-06-02,2026-07-04,Neeta Tours and Travels
pune,mumbai,449,10,3.9,2026-06-02,2026-07-04,Neeta Tours and Travels
pune,mumbai,550,20,3.9,2026-06-02,2026-07-04,Neeta Tours and Travels
pune,mumbai,550,16,3.9,2026-06-02,2026-07-04,Neeta Tours and Travels
pune,mumbai,550,16,3.9,2026-06-02,2026-07-04,Neeta Tours and Travels
pune,mumbai,550,13,3.9,2026-06-02,2026-07-04,Neeta Tours and Travels
pune,mumbai,550,12,3.9,2026-06-02,2026-07-04,Neeta Tours and Travels
pune,mumbai,550,15,3.9,2026-06-02,2026-07-04,Neeta Tours and Travels
pune,mumbai,550,12,3.9,2026-06-02,2026-07-04,Neeta Tours and Travels
pune,mumbai,350,31,3.3,2026-06-02,2026-07-04,Shree Ganesh Tours And Travels (Pune)
pune,mumbai,3000,30,3.6,2026-06-02,2026-07-04,ANAND TRAVELS(amds)
pune,mumbai,350,25,3.2,2026-06-02,2026-07-04,Shree Ganesh Tours And Travels (Pune)
pune,mumbai,350,29,3.2,2026-06-02,2026-07-04,Shree Ganesh Tours And Travels (Pune)
pune,mumbai,2000,36,3.6,2026-06-02,2026-07-04,M B Link Tourist
pune,mumbai,2010,42,3.7,2026-06-02,2026-07-04,Konduskar Travels Pvt Ltd
pune,mumbai,2500,12,3.5,2026-06-02,2026-07-04,Naik Tours & Travels
pune,mumbai,1600,17,3.7,2026-06-02,2026-07-04,Jay Khodiyar Bus Service Pvt Ltd
pune,mumbai,4900,19,3.6,2026-06-02,2026-07-04,Neeta Tours And Travels
pune,mumbai,1800,30,3.6,2026-06-02,2026-07-04,Konduskar Travels Pvt Ltd
pune,mumbai,1800,42,3.6,2026-06-02,2026-07-04,Konduskar Travels Pvt Ltd
pune,mumbai,2000,34,3.4,2026-06-02,2026-07-04,G-Hyundai Travels
pune,mumbai,500,45,3.5,2026-06-02,2026-07-04,Vigneshwar Travels
pune,mumbai,399,11,3.6,2026-06-02,2026-07-04,Neeta Tours and Travels
pune,mumbai,800,11,3.3,2026-06-02,2026-07-04,Swami Travels
pune,mumbai,700,50,3.2,2026-06-02,2026-07-04,Vaishali Travels (Jath)
pune,mumbai,1300,17,3.0,2026-06-02,2026-07-04,Shree New Santinath Travels
pune,mumbai,600,12,3.4,2026-06-02,2026-07-04,Swami Travels
pune,mumbai,1361,36,3.6,2026-06-02,2026-07-04,Chartered Bus
pune,mumbai,550,15,3.6,2026-06-02,2026-07-04,Neeta Tours and Travels
pune,mumbai,550,19,3.6,2026-06-02,2026-07-04,Neeta Tours and Travels
pune,mumbai,1600,10,3.2,2026-06-02,2026-07-04,Manish Travels Private Limited
pune,mumbai,550,18,3.6,2026-06-02,2026-07-04,Neeta Tours and Travels
pune,mumbai,3000,25,3.2,2026-06-02,2026-07-04,ANAND TRAVELS(amds)
pune,mumbai,1500,18,3.5,2026-06-02,2026-07-04,Meera Tour & Travels
pune,mumbai,900,45,3.7,2026-06-02,2026-07-04,Garud Travels
pune,mumbai,2000,32,3.7,2026-06-02,2026-07-04,Garud Travels
pune,mumbai,999,27,3.2,2026-06-02,2026-07-04,Kohinoor Travels kono
pune,mumbai,4011,14,3.4,2026-06-02,2026-07-04,Dolphin Travel House
pune,mumbai,2000,30,3.1,2026-06-02,2026-07-04,Sanjay Travels-Ichalkarnji
pune,mumbai,550,15,3.3,2026-06-02,2026-07-04,Neeta Tours and Travels
pune,mumbai,3000,12,3.0,2026-06-02,2026-07-04,Shree Devnarayan Travels
pune,mumbai,2000,51,3.4,2026-06-02,2026-07-04,Jyotirling Travels (Dadar)
pune,mumbai,600,51,3.4,2026-06-02,2026-07-04,Jyotirling Travels (Dadar)
pune,mumbai,1100,26,3.5,2026-06-02,2026-07-04,Yash Yatra Tour Organiser Mumbai
pune,mumbai,1100,24,3.5,2026-06-02,2026-07-04,Yash Yatra Tour Organiser Mumbai
pune,mumbai,350,29,3.1,2026-06-02,2026-07-04,Shree Ganesh Tours And Travels (Pune)
pune,mumbai,2011,14,3.1,2026-06-02,2026-07-04,Dolphin Travel House
pune,mumbai,1099,33,3.2,2026-06-02,2026-07-04,Kohinoor Travels kono
pune,mumbai,700,18,3.1,2026-06-02,2026-07-04,Swami Travels
pune,mumbai,1000,35,3.0,2026-06-02,2026-07-04,Golden Metrolink
pune,mumbai,2999,30,2.8,2026-06-02,2026-07-04,Shree Balaji Tour and Travel
pune,mumbai,700,22,2.8,2026-06-02,2026-07-04,5 Star Travels(strr)
pune,mumbai,2000,12,2.8,2026-06-02,2026-07-04,Prajapat Travels
pune,mumbai,2500,20,2.8,2026-06-02,2026-07-04,Manish Travels Private Limited
pune,mumbai,2000,12,2.9,2026-06-02,2026-07-04,Manish Travels Private Limited
pune,mumbai,2400,24,2.8,2026-06-02,2026-07-04,ANAND TRAVELS(amds)
pune,mumbai,3000,26,2.6,2026-06-02,2026-07-04,ANAND TRAVELS(amds)
pune,mumbai,350,29,2.1,2026-06-02,2026-07-04,Shree Ganesh Tours And Travels (Pune)
pune,mumbai,1200,10,2.7,2026-06-02,2026-07-04,Krushna Tours And Travels
pune,mumbai,3000,36,2.5,2026-06-02,2026-07-04,ANAND TRAVELS(amds)
pune,mumbai,2000,36,2.8,2026-06-02,2026-07-04,Sanjay Travels-Ichalkarnji
pune,mumbai,1000,16,1.7,2026-06-02,2026-07-04,Mahadev Travels
pune,mumbai,3500,20,2.9,2026-06-02,2026-07-04,New Bishnoi Tour & Travels
pune,mumbai,3000,28,2.4,2026-06-02,2026-07-04,ANAND TRAVELS(amds)
pune,mumbai,3500,20,2.1,2026-06-02,2026-07-04,Shree Ganesh Travels(Barmer)
pune,mumbai,1999,36,2.4,2026-06-02,2026-07-04,Shefali Travels
pune,mumbai,500,13,2.0,2026-06-02,2026-07-04,Manish Travels Private Limited
pune,mumbai,5500,36,2.3,2026-06-02,2026-07-04,PVS Travels (Mumbai)
pune,mumbai,550,13,2.5,2026-06-02,2026-07-04,Neeta Tours and Travels
pune,mumbai,2000,13,1.7,2026-06-02,2026-07-04,R K Vishwakarma Tour And Travels
pune,mumbai,5500,30,2.0,2026-06-02,2026-07-04,PVS Travels 
pune,mumbai,2100,30,1.9,2026-06-02,2026-07-04,PVS Travels 
pune,mumbai,2000,18,1.6,2026-06-02,2026-07-04,Vishal Tour And Travels
pune,mumbai,1000,15,2.4,2026-06-02,2026-07-04,Krushna Tours And Travels
pune,mumbai,1000,16,2.4,2026-06-02,2026-07-04,Krushna Tours And Travels
pune,mumbai,5500,45,2.2,2026-06-02,2026-07-04,PVS Travels 
pune,mumbai,3100,18,1.6,2026-06-02,2026-07-04,Jay Khodiyar Bus Service Pvt Ltd
pune,mumbai,5500,40,2.2,2026-06-02,2026-07-04,PVS Travels 
pune,mumbai,5500,40,2.2,2026-06-02,2026-07-04,PVS Travels 
pune,mumbai,5500,40,2.2,2026-06-02,2026-07-04,PVS Travels 
pune,mumbai,6000,36,2.2,2026-06-02,2026-07-04,PVS Travels (Mumbai)
pune,mumbai,5500,34,2.2,2026-06-02,2026-07-04,PVS Travels 
pune,mumbai,5000,12,4.4,2026-06-02,2026-07-04,Shree Karni Travels Agency
pune,mumbai,2010,36,2.2,2026-06-02,2026-07-04,Sahara Travels Syndicate
pune,mumbai,699,42,3.4,2026-06-02,2026-07-04,Sairaj Tours & Travels
pune,mumbai,600,50,3.9,2026-06-02,2026-07-04,Shreeram Travels (srvl)
pune,mumbai,2000,2,3.9,2026-06-02,2026-07-04,Jagdamba Travels
pune,mumbai,1099,1,3.2,2026-06-02,2026-07-04,Kohinoor Travels kono
manglore,banglore,480,49,4.0,2026-06-03,2026-06-08,KSRTC Karnataka
manglore,banglore,1158,40,4.0,2026-06-03,2026-06-08,KSRTC Karnataka
manglore,banglore,1158,44,4.0,2026-06-03,2026-06-08,KSRTC Karnataka
manglore,banglore,752,34,4.0,2026-06-03,2026-06-08,KSRTC Karnataka
manglore,banglore,1158,43,4.0,2026-06-03,2026-06-08,KSRTC Karnataka
manglore,banglore,480,46,4.0,2026-06-03,2026-06-08,KSRTC Karnataka
manglore,banglore,1162,40,4.0,2026-06-03,2026-06-08,KSRTC Karnataka
manglore,banglore,1158,42,4.0,2026-06-03,2026-06-08,KSRTC Karnataka
manglore,banglore,752,39,4.0,2026-06-03,2026-06-08,KSRTC Karnataka
manglore,banglore,1257,42,4.0,2026-06-03,2026-06-08,KSRTC Karnataka
manglore,banglore,1162,41,4.0,2026-06-03,2026-06-08,KSRTC Karnataka
manglore,banglore,752,37,4.0,2026-06-03,2026-06-08,KSRTC Karnataka
manglore,banglore,1162,45,4.0,2026-06-03,2026-06-08,KSRTC Karnataka
manglore,banglore,1158,34,4.0,2026-06-03,2026-06-08,KSRTC Karnataka
manglore,banglore,1044,37,4.0,2026-06-03,2026-06-08,KSRTC Karnataka
manglore,banglore,1158,43,4.0,2026-06-03,2026-06-08,KSRTC Karnataka
manglore,banglore,752,35,4.0,2026-06-03,2026-06-08,KSRTC Karnataka
manglore,banglore,1508,33,4.0,2026-06-03,2026-06-08,KSRTC Karnataka
manglore,banglore,1162,40,4.0,2026-06-03,2026-06-08,KSRTC Karnataka
manglore,banglore,1158,32,4.0,2026-06-03,2026-06-08,KSRTC Karnataka
manglore,banglore,1162,39,4.0,2026-06-03,2026-06-08,KSRTC Karnataka
manglore,banglore,480,48,4.0,2026-06-03,2026-06-08,KSRTC Karnataka
manglore,banglore,1158,38,4.0,2026-06-03,2026-06-08,KSRTC Karnataka
manglore,banglore,1158,40,4.0,2026-06-03,2026-06-08,KSRTC Karnataka
manglore,banglore,1158,43,4.0,2026-06-03,2026-06-08,KSRTC Karnataka
manglore,banglore,480,43,4.0,2026-06-03,2026-06-08,KSRTC Karnataka
manglore,banglore,480,45,4.0,2026-06-03,2026-06-08,KSRTC Karnataka
manglore,banglore,480,43,4.0,2026-06-03,2026-06-08,KSRTC Karnataka
manglore,banglore,1156,40,4.0,2026-06-03,2026-06-08,KSRTC Karnataka
manglore,banglore,1001,28,4.0,2026-06-03,2026-06-08,KSRTC Karnataka
manglore,banglore,752,33,4.0,2026-06-03,2026-06-08,KSRTC Karnataka
manglore,banglore,480,39,4.0,2026-06-03,2026-06-08,KSRTC Karnataka
manglore,banglore,1001,27,4.0,2026-06-03,2026-06-08,KSRTC Karnataka
manglore,banglore,480,43,4.0,2026-06-03,2026-06-08,KSRTC Karnataka
manglore,banglore,1158,40,4.0,2026-06-03,2026-06-08,KSRTC Karnataka
manglore,banglore,1257,38,4.0,2026-06-03,2026-06-08,KSRTC Karnataka
manglore,banglore,1051,27,4.0,2026-06-03,2026-06-08,KSRTC Karnataka
manglore,banglore,480,41,4.0,2026-06-03,2026-06-08,KSRTC Karnataka
manglore,banglore,480,40,4.0,2026-06-03,2026-06-08,KSRTC Karnataka
manglore,banglore,480,44,4.0,2026-06-03,2026-06-08,KSRTC Karnataka
manglore,banglore,1257,47,4.0,2026-06-03,2026-06-08,KSRTC Karnataka
manglore,banglore,1512,36,4.0,2026-06-03,2026-06-08,KSRTC Karnataka
manglore,banglore,752,31,4.0,2026-06-03,2026-06-08,KSRTC Karnataka
manglore,banglore,1508,24,4.0,2026-06-03,2026-06-08,KSRTC Karnataka
manglore,banglore,1001,28,4.0,2026-06-03,2026-06-08,KSRTC Karnataka
manglore,banglore,1000,26,4.0,2026-06-03,2026-06-08,KSRTC Karnataka
manglore,banglore,1158,38,4.0,2026-06-03,2026-06-08,KSRTC Karnataka
manglore,banglore,1001,27,4.0,2026-06-03,2026-06-08,KSRTC Karnataka
manglore,banglore,1051,26,4.0,2026-06-03,2026-06-08,KSRTC Karnataka
manglore,banglore,480,41,4.0,2026-06-03,2026-06-08,KSRTC Karnataka
manglore,banglore,1158,39,4.0,2026-06-03,2026-06-08,KSRTC Karnataka
manglore,banglore,1508,34,4.0,2026-06-03,2026-06-08,KSRTC Karnataka
manglore,banglore,1001,27,4.0,2026-06-03,2026-06-08,KSRTC Karnataka
manglore,banglore,752,35,4.0,2026-06-03,2026-06-08,KSRTC Karnataka
manglore,banglore,1508,33,4.0,2026-06-03,2026-06-08,KSRTC Karnataka
manglore,banglore,1001,24,4.0,2026-06-03,2026-06-08,KSRTC Karnataka
manglore,banglore,1257,40,4.0,2026-06-03,2026-06-08,KSRTC Karnataka
manglore,banglore,1508,32,4.0,2026-06-03,2026-06-08,KSRTC Karnataka
manglore,banglore,1158,41,4.0,2026-06-03,2026-06-08,KSRTC Karnataka
manglore,banglore,1508,34,4.0,2026-06-03,2026-06-08,KSRTC Karnataka
manglore,banglore,1508,32,4.0,2026-06-03,2026-06-08,KSRTC Karnataka
manglore,banglore,1162,40,4.0,2026-06-03,2026-06-08,KSRTC Karnataka
manglore,banglore,1051,24,4.0,2026-06-03,2026-06-08,KSRTC Karnataka
manglore,banglore,752,31,4.0,2026-06-03,2026-06-08,KSRTC Karnataka
manglore,banglore,1051,27,4.0,2026-06-03,2026-06-08,KSRTC Karnataka
manglore,banglore,1407,36,4.0,2026-06-03,2026-06-08,KSRTC Karnataka
manglore,banglore,1001,27,4.0,2026-06-03,2026-06-08,KSRTC Karnataka
manglore,banglore,1508,33,4.0,2026-06-03,2026-06-08,KSRTC Karnataka
manglore,banglore,1407,37,4.0,2026-06-03,2026-06-08,KSRTC Karnataka
manglore,banglore,1508,36,4.0,2026-06-03,2026-06-08,KSRTC Karnataka
manglore,banglore,1099,20,4.4,2026-06-03,2026-06-08,Intercity travels
manglore,banglore,1199,31,4.3,2026-06-03,2026-06-08,Khamsa Travels
manglore,banglore,1199,31,4.3,2026-06-03,2026-06-08,Khamsa Travels
manglore,banglore,650,25,4.1,2026-06-03,2026-06-08,Sai Sri Balaji Travels
manglore,banglore,650,25,4.1,2026-06-03,2026-06-08,Sai Sri Balaji Travels
manglore,banglore,700,24,4.6,2026-06-03,2026-06-08,Sri Durga Bus
manglore,banglore,950,26,4.4,2026-06-03,2026-06-08,Durgamba Motors
manglore,banglore,700,25,4.5,2026-06-03,2026-06-08,Sri Durga Bus
manglore,banglore,800,12,4.3,2026-06-03,2026-06-08,Dhriya Tourist Corporation
manglore,banglore,898,30,4.8,2026-06-03,2026-06-08,UK AIRBUS
manglore,banglore,989,36,4.8,2026-06-03,2026-06-08,UK AIRBUS
manglore,banglore,800,19,3.9,2026-06-03,2026-06-08,Dhriya Tourist Corporation
manglore,banglore,1199,25,4.6,2026-06-03,2026-06-08,Varad Lines
manglore,banglore,1199,25,4.5,2026-06-03,2026-06-08,Varad Lines
manglore,banglore,1474,31,4.8,2026-06-03,2026-06-08,Colliwaye
manglore,banglore,920,28,4.4,2026-06-03,2026-06-08,Durgamba Motors
manglore,banglore,1100,34,4.5,2026-06-03,2026-06-08,Kiara Travels
manglore,banglore,1299,31,4.7,2026-06-03,2026-06-08,EvoBUS
manglore,banglore,870,26,4.1,2026-06-03,2026-06-08,Durgamba Motors
manglore,banglore,1659,33,4.5,2026-06-03,2026-06-08,Aero Bus
manglore,banglore,1199,34,4.6,2026-06-03,2026-06-08,Khamsa Travels
manglore,banglore,1000,29,4.8,2026-06-03,2026-06-08,Soumya Travels(somy)
manglore,banglore,1299,26,4.5,2026-06-03,2026-06-08,Ram Dalal Holidays
manglore,banglore,1299,27,4.8,2026-06-03,2026-06-08,Varahi Tours And Travels
manglore,banglore,999,33,4.5,2026-06-03,2026-06-08,Cauvery Travels
manglore,banglore,1599,30,4.5,2026-06-03,2026-06-08,Aero Bus
manglore,banglore,4000,36,3.9,2026-06-03,2026-06-08,Sai Sri Balaji Travels
manglore,banglore,900,23,4.9,2026-06-03,2026-06-08,Soumya Travels(somy)
manglore,banglore,999,21,4.6,2026-06-03,2026-06-08,Greenline Travels and Holidays
manglore,banglore,700,21,4.1,2026-06-03,2026-06-08,Sri Durga Bus
manglore,banglore,1450,18,4.2,2026-06-03,2026-06-08,Sri Brahmi Tours and Travels
manglore,banglore,975,26,4.5,2026-06-03,2026-06-08,Sagar Transport
manglore,banglore,985,26,4.9,2026-06-03,2026-06-08,Sagar Transport
manglore,banglore,920,28,4.0,2026-06-03,2026-06-08,Durgamba Motors
manglore,banglore,830,20,4.2,2026-06-03,2026-06-08,Navadurga Bus
manglore,banglore,1299,28,4.9,2026-06-03,2026-06-08,Varahi Tours And Travels
manglore,banglore,900,27,4.0,2026-06-03,2026-06-08,Ideal Travels
manglore,banglore,900,26,4.2,2026-06-03,2026-06-08,Ideal Travels
manglore,banglore,900,26,4.3,2026-06-03,2026-06-08,Ideal Travels
manglore,banglore,1027,34,4.3,2026-06-03,2026-06-08,FlixBus
manglore,banglore,830,16,4.5,2026-06-03,2026-06-08,Navadurga Bus
manglore,banglore,808,30,4.0,2026-06-03,2026-06-08,Sri Durgamba Travels
manglore,banglore,1000,15,4.3,2026-06-03,2026-06-08,Kohinoor Travels
manglore,banglore,1599,34,4.7,2026-06-03,2026-06-08,Arjuna Travels(aujn)
manglore,banglore,765,22,4.8,2026-06-03,2026-06-08,Sugama  Tourists
manglore,banglore,1559,32,3.9,2026-06-03,2026-06-08,Aero Bus
manglore,banglore,900,26,4.3,2026-06-03,2026-06-08,Reshma Tourists
manglore,banglore,663,30,4.4,2026-06-03,2026-06-08,Sugama  Tourists
manglore,banglore,663,30,4.3,2026-06-03,2026-06-08,Sugama  Tourists
manglore,banglore,1400,28,4.4,2026-06-03,2026-06-08,Cauvery Travels
manglore,banglore,999,13,4.3,2026-06-03,2026-06-08,Aranha Travels
manglore,banglore,999,25,4.3,2026-06-03,2026-06-08,Aranha Travels
manglore,banglore,707,36,4.0,2026-06-03,2026-06-08,Sri Durgamba Travels
manglore,banglore,663,27,4.7,2026-06-03,2026-06-08,Sugama  Tourists
manglore,banglore,900,28,4.3,2026-06-03,2026-06-08,Ideal Travels
manglore,banglore,1200,22,4.5,2026-06-03,2026-06-08,Sai Durga Transport
manglore,banglore,1089,31,4.5,2026-06-03,2026-06-08,HYBUS
manglore,banglore,707,33,4.0,2026-06-03,2026-06-08,Sri Durgamba Travels
manglore,banglore,975,27,4.1,2026-06-03,2026-06-08,Sagar Transport
manglore,banglore,900,27,4.0,2026-06-03,2026-06-08,Ideal Travels
manglore,banglore,750,28,4.3,2026-06-03,2026-06-08,VRL Travels
manglore,banglore,719,28,4.2,2026-06-03,2026-06-08,Ashwini Tours
manglore,banglore,900,22,3.9,2026-06-03,2026-06-08,Ideal Travels
manglore,banglore,1071,26,4.4,2026-06-03,2026-06-08,Sugama  Tourists
manglore,banglore,663,25,4.0,2026-06-03,2026-06-08,Sugama  Tourists
manglore,banglore,1100,25,4.6,2026-06-03,2026-06-08,Cauvery Travels
manglore,banglore,1300,11,4.9,2026-06-03,2026-06-08,Sri Sai Tourist
manglore,banglore,800,30,3.5,2026-06-03,2026-06-08,MRC Travels(mrcr)
manglore,banglore,707,34,3.8,2026-06-03,2026-06-08,Sri Durgamba Travels
manglore,banglore,2000,32,4.6,2026-06-03,2026-06-08,Soumya Travels(somy)
manglore,banglore,1290,30,4.6,2026-06-03,2026-06-08,Shree Sannidhi Travels
manglore,banglore,765,29,4.5,2026-06-03,2026-06-08,Sugama  Tourists
manglore,banglore,949,26,3.9,2026-06-03,2026-06-08,NWAY Holidays
manglore,banglore,800,13,4.2,2026-06-03,2026-06-08,VRL Travels
manglore,banglore,765,20,4.5,2026-06-03,2026-06-08,Sugama  Tourists
manglore,banglore,1099,36,4.1,2026-06-03,2026-06-08,Go Tour Travels and Holidays
manglore,banglore,900,19,4.0,2026-06-03,2026-06-08,Sri Nandi Motors
manglore,banglore,985,23,4.0,2026-06-03,2026-06-08,Sagar Transport
manglore,banglore,663,22,3.8,2026-06-03,2026-06-08,Sugama  Tourists
manglore,banglore,800,20,3.8,2026-06-03,2026-06-08,Pragathi Bus
manglore,banglore,1200,22,4.3,2026-06-03,2026-06-08,Sai Durga Transport
manglore,banglore,1387,34,4.4,2026-06-03,2026-06-08,Go Tour Travels and Holidays
manglore,banglore,1199,20,4.0,2026-06-03,2026-06-08,Intercity travels
manglore,banglore,1199,34,4.7,2026-06-03,2026-06-08,EvoBUS
manglore,banglore,700,25,4.1,2026-06-03,2026-06-08,Kiara Travels
manglore,banglore,1071,30,4.1,2026-06-03,2026-06-08,Sugama  Tourists
manglore,banglore,1000,17,3.8,2026-06-03,2026-06-08,Sri Nandi Motors
manglore,banglore,1300,27,3.9,2026-06-03,2026-06-08,Bharath Motors
manglore,banglore,663,33,4.1,2026-06-03,2026-06-08,Sugama  Tourists
manglore,banglore,800,25,3.6,2026-06-03,2026-06-08,Durgamba Motors
manglore,banglore,1200,22,3.7,2026-06-03,2026-06-08,SMS Travels
manglore,banglore,663,24,4.0,2026-06-03,2026-06-08,Sugama  Tourists
manglore,banglore,663,24,4.0,2026-06-03,2026-06-08,Sugama  Tourists
manglore,banglore,765,29,4.0,2026-06-03,2026-06-08,Sugama  Tourists
manglore,banglore,905,30,3.1,2026-06-03,2026-06-08,SRS Travels(srsr)
manglore,banglore,800,22,3.5,2026-06-03,2026-06-08,Durgamba Motors
manglore,banglore,1560,23,3.2,2026-06-03,2026-06-08,MMK Travels
manglore,banglore,1199,36,4.2,2026-06-03,2026-06-08,Arjuna Travels(aujn)
manglore,banglore,820,20,3.4,2026-06-03,2026-06-08,Durgamba Motors
manglore,banglore,1400,24,3.9,2026-06-03,2026-06-08,Bharath Motors
manglore,banglore,473,24,3.0,2026-06-03,2026-06-08,GreenCell Express Pvt. Ltd.
manglore,banglore,900,29,4.8,2026-06-03,2026-06-08,Ideal Travels
manglore,banglore,1599,34,3.4,2026-06-03,2026-06-08,Arjuna Travels(aujn)
manglore,banglore,765,27,3.8,2026-06-03,2026-06-08,Sugama  Tourists
manglore,banglore,1299,31,4.5,2026-06-03,2026-06-08,HYBUS
manglore,banglore,800,24,3.5,2026-06-03,2026-06-08,Glide Tourists
manglore,banglore,1100,10,3.9,2026-06-03,2026-06-08,VRL Travels
manglore,banglore,900,29,3.7,2026-06-03,2026-06-08,Ideal Travels
manglore,banglore,707,23,3.7,2026-06-03,2026-06-08,Sri Durgamba Travels
manglore,banglore,1100,28,4.3,2026-06-03,2026-06-08,Reshma Tourists
manglore,banglore,600,31,2.8,2026-06-03,2026-06-08,Durgamba Motors
manglore,banglore,1499,16,4.0,2026-06-03,2026-06-08,Green Line Travels and Holidays Premium Business Class
manglore,banglore,707,35,3.0,2026-06-03,2026-06-08,Sri Durgamba Travels
manglore,banglore,1100,24,3.6,2026-06-03,2026-06-08,Bharath Motors
manglore,banglore,707,34,3.3,2026-06-03,2026-06-08,Sri Durgamba Travels
manglore,banglore,1000,23,3.4,2026-06-03,2026-06-08,Seabird Tourists
manglore,banglore,700,22,3.7,2026-06-03,2026-06-08,Pragathi Bus
manglore,banglore,1100,24,3.5,2026-06-03,2026-06-08,Bharath Motors
manglore,banglore,1499,24,3.7,2026-06-03,2026-06-08,Sunrise Tours and Travels
manglore,banglore,1399,23,3.1,2026-06-03,2026-06-08,Bharath Motors
manglore,banglore,2000,30,4.4,2026-06-03,2026-06-08,Sri Brahmi Tours and Travels
manglore,banglore,1000,22,3.2,2026-06-03,2026-06-08,Bhagavathi Tourist
manglore,banglore,900,23,3.7,2026-06-03,2026-06-08,Reshma Tourists
manglore,banglore,500,17,2.1,2026-06-03,2026-06-08,Ayyappa Travels
manglore,banglore,999,29,3.4,2026-06-03,2026-06-08,Bharathi Travels
manglore,banglore,999,26,3.4,2026-06-03,2026-06-08,Bharathi Travels
manglore,banglore,900,24,3.6,2026-06-03,2026-06-08,MRC Travels(mrcr)
manglore,banglore,800,22,2.9,2026-06-03,2026-06-08,Durgamba Motors
manglore,banglore,800,19,2.9,2026-06-03,2026-06-08,Durgamba Motors
manglore,banglore,799,28,3.4,2026-06-03,2026-06-08,SRI SUGAM TRAVELS
manglore,banglore,1300,30,3.2,2026-06-03,2026-06-08,Bharath Motors
manglore,banglore,850,23,3.5,2026-06-03,2026-06-08,Pragathi Bus
manglore,banglore,899,27,3.2,2026-06-03,2026-06-08,Bharathi Travels
manglore,banglore,700,13,3.4,2026-06-03,2026-06-08,VRL Travels
manglore,banglore,1500,10,3.5,2026-06-03,2026-06-08,Sri Sai Logistics
manglore,banglore,1500,11,3.5,2026-06-03,2026-06-08,Sri Sai Logistics
manglore,banglore,900,32,3.5,2026-06-03,2026-06-08,VRL Travels
manglore,banglore,810,29,2.8,2026-06-03,2026-06-08,ANAND TRAVELS(amds)
manglore,banglore,1099,26,4.1,2026-06-03,2026-06-08,Bharath Motors
manglore,banglore,2000,6,3.4,2026-06-03,2026-06-08,Bharath Motors
manglore,banglore,800,28,4.0,2026-06-03,2026-06-08,Sri Maheshwari Travels
manglore,banglore,1459,13,3.6,2026-06-03,2026-06-08,Dhriti Travels
manglore,banglore,1549,16,3.6,2026-06-03,2026-06-08,Dhriti Travels
manglore,banglore,800,24,3.1,2026-06-03,2026-06-08,Sarah Travels (srah)
manglore,banglore,1549,19,2.7,2026-06-03,2026-06-08,Dhriti Travels
manglore,banglore,850,30,4.7,2026-06-03,2026-06-08,HYBUS
manglore,banglore,1299,31,4.5,2026-06-03,2026-06-08,HYBUS
manglore,banglore,2500,10,3.8,2026-06-03,2026-06-08,Sri Sai Logistics
manglore,banglore,2500,20,3.8,2026-06-03,2026-06-08,Sri Sai Logistics
manglore,banglore,700,21,2.2,2026-06-03,2026-06-08,ANAND TRAVELS(amds)
manglore,banglore,700,30,2.9,2026-06-03,2026-06-08,ANAND TRAVELS(amds)
manglore,banglore,3999,30,3.7,2026-06-03,2026-06-08,Deepika Tours And Travels
manglore,banglore,1000,32,3.4,2026-06-03,2026-06-08,Shreeshail Travels
manglore,banglore,1900,15,2.2,2026-06-03,2026-06-08,Ayyappa Travels
manglore,banglore,6999,32,3.6,2026-06-03,2026-06-08,TPS Travels
manglore,banglore,2999,44,3.4,2026-06-03,2026-06-08,Aradhana Holidays
manglore,banglore,6000,33,2.2,2026-06-03,2026-06-08,PVS Travels (Mumbai)
manglore,banglore,3000,30,3.2,2026-06-03,2026-06-08,Metro Bus
manglore,banglore,3000,30,3.2,2026-06-03,2026-06-08,Metro Bus
manglore,banglore,1500,13,0.0,2026-06-03,2026-06-08,Pragati Motors
manglore,banglore,1500,15,0.0,2026-06-03,2026-06-08,Pragati Motors
manglore,banglore,1500,20,0.0,2026-06-03,2026-06-08,Pragati Motors
manglore,banglore,2000,11,2.8,2026-06-03,2026-06-08,Abhiman Tours & Travels
manglore,banglore,2000,19,2.8,2026-06-03,2026-06-08,Abhiman Tours & Travels
manglore,banglore,3000,30,3.4,2026-06-03,2026-06-08,Metro Bus
manglore,banglore,3000,30,3.4,2026-06-03,2026-06-08,Metro Bus
